mois,groupe_annees,passages_moyens_par_jour
1,2017-2019,58534.0
2,2017-2019,58261.0
3,2017-2019,58588.0
4,2017-2019,58466.0
5,2017-2019,59357.0
6,2017-2019,61186.0
7,2017-2019,59999.0
8,2017-2019,56250.0
9,2017-2019,57830.0
10,2017-2019,58409.0
11,2017-2019,57349.0
12,2017-2019,59436.0
1,2022-2023,53442.0
2,2022-2023,55053.0
3,2022-2023,59245.0
4,2022-2023,57634.0
5,2022-2023,58505.0
6,2022-2023,60498.0
7,2022-2023,56865.0
8,2022-2023,53747.0
9,2022-2023,56937.0
10,2022-2023,60064.0
11,2022-2023,58240.0
12,2022-2023,60829.0