dep,libelle_dep,jour_semaine,passages
01,Ain,6,120942.4
01,Ain,2,130263.4
01,Ain,3,132027.1
01,Ain,4,132601.1
01,Ain,0,144956.8
01,Ain,1,131734.0
01,Ain,5,125059.4
02,Aisne,1,209099.7
02,Aisne,4,205807.5
02,Aisne,5,192891.1
02,Aisne,0,228979.3
02,Aisne,2,202233.4
02,Aisne,3,210492.8
02,Aisne,6,187517.2
03,Allier,0,125819.8
03,Allier,5,112720.5
03,Allier,2,113769.7
03,Allier,1,114319.7
03,Allier,4,118153.0
03,Allier,3,115688.3
03,Allier,6,108412.7
06,Alpes-Maritimes,1,397837.6
06,Alpes-Maritimes,4,408223.5
06,Alpes-Maritimes,0,437905.6
06,Alpes-Maritimes,3,398842.2
06,Alpes-Maritimes,5,417847.5
06,Alpes-Maritimes,6,410829.4
06,Alpes-Maritimes,2,393129.6
04,Alpes-de-Haute-Provence,4,67274.5
04,Alpes-de-Haute-Provence,0,73202.0
04,Alpes-de-Haute-Provence,3,66512.1
04,Alpes-de-Haute-Provence,6,67480.7
04,Alpes-de-Haute-Provence,1,66513.0
04,Alpes-de-Haute-Provence,5,68824.9
04,Alpes-de-Haute-Provence,2,65128.0
08,Ardennes,6,88322.7
08,Ardennes,5,86891.7
08,Ardennes,0,99603.2
08,Ardennes,1,89537.9
08,Ardennes,3,90952.5
08,Ardennes,4,89739.1
08,Ardennes,2,89062.0
07,Ardèche,4,89833.0
07,Ardèche,0,97663.7
07,Ardèche,3,88046.1
07,Ardèche,1,88392.0
07,Ardèche,5,89034.9
07,Ardèche,2,87218.7
07,Ardèche,6,86772.5
09,Ariège,6,49640.7
09,Ariège,1,47894.4
09,Ariège,5,50070.0
09,Ariège,4,48864.0
09,Ariège,0,52955.7
09,Ariège,3,49329.5
09,Ariège,2,48101.0
10,Aube,0,82344.1
10,Aube,2,74954.2
10,Aube,6,73701.9
10,Aube,1,75932.0
10,Aube,3,76701.0
10,Aube,4,76481.5
10,Aube,5,75116.9
11,Aude,4,133895.3
11,Aude,2,130390.3
11,Aude,6,122096.8
11,Aude,1,130700.5
11,Aude,5,127748.6
11,Aude,0,143511.0
11,Aude,3,131254.8
12,Aveyron,3,78236.1
12,Aveyron,1,78341.2
12,Aveyron,4,79845.4
12,Aveyron,5,80571.9
12,Aveyron,2,77021.0
12,Aveyron,6,79720.1
12,Aveyron,0,86361.4
67,Bas-Rhin,5,298333.9
67,Bas-Rhin,6,293627.4
67,Bas-Rhin,3,283172.8
67,Bas-Rhin,2,280262.8
67,Bas-Rhin,0,312215.6
67,Bas-Rhin,1,281015.5
67,Bas-Rhin,4,288181.3
13,Bouches-du-Rhône,1,673503.0
13,Bouches-du-Rhône,4,689519.1
13,Bouches-du-Rhône,2,663222.2
13,Bouches-du-Rhône,3,675031.5
13,Bouches-du-Rhône,5,704875.9
13,Bouches-du-Rhône,6,693628.8
13,Bouches-du-Rhône,0,731620.0
14,Calvados,2,242811.4
14,Calvados,3,254183.1
14,Calvados,1,253934.4
14,Calvados,5,230979.6
14,Calvados,4,251543.4
14,Calvados,6,221480.8
14,Calvados,0,273731.0
15,Cantal,3,47806.4
15,Cantal,5,51765.5
15,Cantal,6,50406.9
15,Cantal,2,46579.0
15,Cantal,4,48991.2
15,Cantal,1,47607.0
15,Cantal,0,52716.9
16,Charente,3,105466.7
16,Charente,2,103957.3
16,Charente,1,105612.1
16,Charente,4,106236.1
16,Charente,5,101398.9
16,Charente,6,97753.3
16,Charente,0,116771.5
17,Charente-Maritime,4,185414.6
17,Charente-Maritime,0,198268.7
17,Charente-Maritime,5,187654.1
17,Charente-Maritime,3,183655.8
17,Charente-Maritime,2,179470.3
17,Charente-Maritime,6,180217.1
17,Charente-Maritime,1,182880.7
18,Cher,4,84280.9
18,Cher,5,81257.0
18,Cher,0,91915.0
18,Cher,1,85028.6
18,Cher,6,77667.5
18,Cher,2,82690.8
18,Cher,3,84199.7
19,Corrèze,4,73094.1
19,Corrèze,6,69872.6
19,Corrèze,1,72342.4
19,Corrèze,5,69904.7
19,Corrèze,0,79048.4
19,Corrèze,3,72191.5
19,Corrèze,2,70506.9
2A,Corse-du-Sud,5,47248.0
2A,Corse-du-Sud,4,45108.5
2A,Corse-du-Sud,2,43646.6
2A,Corse-du-Sud,0,47000.2
2A,Corse-du-Sud,1,44115.2
2A,Corse-du-Sud,3,44376.1
2A,Corse-du-Sud,6,44251.3
23,Creuse,2,25487.3
23,Creuse,6,25982.1
23,Creuse,3,25873.8
23,Creuse,0,28556.7
23,Creuse,5,27114.8
23,Creuse,1,26127.2
23,Creuse,4,26594.8
21,Côte-d'Or,3,149157.8
21,Côte-d'Or,5,153310.7
21,Côte-d'Or,2,147179.5
21,Côte-d'Or,4,151539.3
21,Côte-d'Or,0,165170.3
21,Côte-d'Or,6,147100.1
21,Côte-d'Or,1,147315.5
22,Côtes-d'Armor,6,152639.6
22,Côtes-d'Armor,4,159627.4
22,Côtes-d'Armor,0,175988.5
22,Côtes-d'Armor,3,158096.2
22,Côtes-d'Armor,1,157797.4
22,Côtes-d'Armor,5,156711.2
22,Côtes-d'Armor,2,155299.3
79,Deux-Sèvres,4,110872.5
79,Deux-Sèvres,2,107236.8
79,Deux-Sèvres,6,95084.8
79,Deux-Sèvres,3,108704.1
79,Deux-Sèvres,0,120813.1
79,Deux-Sèvres,5,100008.8
79,Deux-Sèvres,1,110052.3
24,Dordogne,6,90398.5
24,Dordogne,1,99780.8
24,Dordogne,2,97332.8
24,Dordogne,3,99997.1
24,Dordogne,5,94004.1
24,Dordogne,4,100859.8
24,Dordogne,0,108765.3
25,Doubs,5,114341.5
25,Doubs,0,122977.2
25,Doubs,4,113484.7
25,Doubs,2,110920.2
25,Doubs,6,115264.4
25,Doubs,1,112673.6
25,Doubs,3,113608.7
26,Drôme,6,157739.1
26,Drôme,2,170797.0
26,Drôme,0,186756.5
26,Drôme,4,174182.5
26,Drôme,3,172007.7
26,Drôme,1,170291.2
26,Drôme,5,167537.5
91,Essonne,4,418715.9
91,Essonne,2,410443.1
91,Essonne,6,373481.0
91,Essonne,3,418460.1
91,Essonne,5,391215.1
91,Essonne,1,421648.4
91,Essonne,0,470819.6
27,Eure,6,173507.8
27,Eure,4,186922.1
27,Eure,2,187197.5
27,Eure,5,179658.0
27,Eure,0,214356.2
27,Eure,1,191356.4
27,Eure,3,191614.6
28,Eure-et-Loir,6,157260.8
28,Eure-et-Loir,4,177077.3
28,Eure-et-Loir,2,174068.7
28,Eure-et-Loir,5,166099.8
28,Eure-et-Loir,0,198797.2
28,Eure-et-Loir,3,179428.9
28,Eure-et-Loir,1,178695.8
29,Finistère,5,300078.9
29,Finistère,2,291989.2
29,Finistère,6,290199.0
29,Finistère,0,330666.8
29,Finistère,3,297135.4
29,Finistère,1,301155.5
29,Finistère,4,302008.4
30,Gard,3,204028.7
30,Gard,5,202386.1
30,Gard,6,190756.1
30,Gard,4,207934.6
30,Gard,2,200109.8
30,Gard,0,223273.3
30,Gard,1,204443.3
32,Gers,1,28813.3
32,Gers,0,31280.7
32,Gers,6,32561.1
32,Gers,5,32117.6
32,Gers,3,28699.3
32,Gers,4,29415.8
32,Gers,2,28493.5
33,Gironde,2,372365.9
33,Gironde,5,398092.3
33,Gironde,6,381240.1
33,Gironde,4,386946.3
33,Gironde,3,380021.5
33,Gironde,0,409202.5
33,Gironde,1,378514.7
971,Guadeloupe,5,144766.3
971,Guadeloupe,4,143798.0
971,Guadeloupe,6,138479.5
971,Guadeloupe,2,142835.5
971,Guadeloupe,0,160123.8
971,Guadeloupe,3,143566.6
971,Guadeloupe,1,143667.2
973,Guyane,4,57082.2
973,Guyane,1,60865.7
973,Guyane,5,52621.1
973,Guyane,6,61373.3
973,Guyane,2,62091.9
973,Guyane,3,61652.0
973,Guyane,0,64718.8
68,Haut-Rhin,5,232880.1
68,Haut-Rhin,2,221504.1
68,Haut-Rhin,1,220260.3
68,Haut-Rhin,0,242109.0
68,Haut-Rhin,4,225432.6
68,Haut-Rhin,3,222233.8
68,Haut-Rhin,6,229553.1
2B,Haute-Corse,5,41160.4
2B,Haute-Corse,0,42837.2
2B,Haute-Corse,2,39135.5
2B,Haute-Corse,3,40075.1
2B,Haute-Corse,1,39893.4
2B,Haute-Corse,4,40772.3
2B,Haute-Corse,6,40494.9
31,Haute-Garonne,6,333025.0
31,Haute-Garonne,1,315275.9
31,Haute-Garonne,5,337023.9
31,Haute-Garonne,4,323853.7
31,Haute-Garonne,3,316372.9
31,Haute-Garonne,2,311649.7
31,Haute-Garonne,0,346481.5
43,Haute-Loire,4,52969.4
43,Haute-Loire,3,52436.3
43,Haute-Loire,1,52101.9
43,Haute-Loire,5,52029.0
43,Haute-Loire,2,51320.4
43,Haute-Loire,6,49944.8
43,Haute-Loire,0,57599.2
52,Haute-Marne,4,57654.6
52,Haute-Marne,5,56585.1
52,Haute-Marne,3,57980.6
52,Haute-Marne,2,57317.3
52,Haute-Marne,1,57655.0
52,Haute-Marne,6,55333.3
52,Haute-Marne,0,62142.4
74,Haute-Savoie,1,300152.3
74,Haute-Savoie,4,298312.9
74,Haute-Savoie,5,290700.4
74,Haute-Savoie,6,279321.5
74,Haute-Savoie,2,295484.8
74,Haute-Savoie,3,297591.2
74,Haute-Savoie,0,329197.6
70,Haute-Saône,5,43071.1
70,Haute-Saône,0,47803.9
70,Haute-Saône,3,43509.5
70,Haute-Saône,4,44581.8
70,Haute-Saône,2,43785.2
70,Haute-Saône,6,42347.9
70,Haute-Saône,1,43832.5
87,Haute-Vienne,6,111362.5
87,Haute-Vienne,2,119936.6
87,Haute-Vienne,3,122372.7
87,Haute-Vienne,4,123310.8
87,Haute-Vienne,5,115160.6
87,Haute-Vienne,0,136809.7
87,Haute-Vienne,1,122368.1
05,Hautes-Alpes,4,55013.1
05,Hautes-Alpes,2,54249.8
05,Hautes-Alpes,6,64158.5
05,Hautes-Alpes,5,63470.1
05,Hautes-Alpes,3,54536.2
05,Hautes-Alpes,1,54518.2
05,Hautes-Alpes,0,58465.8
65,Hautes-Pyrénées,2,84168.1
65,Hautes-Pyrénées,5,92238.2
65,Hautes-Pyrénées,3,85165.3
65,Hautes-Pyrénées,0,92023.2
65,Hautes-Pyrénées,4,88137.7
65,Hautes-Pyrénées,1,84360.6
65,Hautes-Pyrénées,6,88726.3
92,Hauts-de-Seine,6,512437.8
92,Hauts-de-Seine,5,515126.5
92,Hauts-de-Seine,0,572019.8
92,Hauts-de-Seine,3,512383.1
92,Hauts-de-Seine,4,518631.7
92,Hauts-de-Seine,2,508564.5
92,Hauts-de-Seine,1,517959.5
34,Hérault,1,409620.3
34,Hérault,4,418227.8
34,Hérault,3,411467.7
34,Hérault,5,434523.5
34,Hérault,0,447390.0
34,Hérault,6,420004.2
34,Hérault,2,403215.3
35,Ille-et-Vilaine,6,271840.3
35,Ille-et-Vilaine,3,281994.8
35,Ille-et-Vilaine,4,287807.1
35,Ille-et-Vilaine,2,274539.2
35,Ille-et-Vilaine,0,310816.0
35,Ille-et-Vilaine,5,276455.5
35,Ille-et-Vilaine,1,282328.5
36,Indre,5,63306.8
36,Indre,0,72851.6
36,Indre,1,66185.0
36,Indre,6,61488.2
36,Indre,3,66228.5
36,Indre,4,66224.9
36,Indre,2,65005.0
37,Indre-et-Loire,0,187311.6
37,Indre-et-Loire,5,160680.3
37,Indre-et-Loire,3,170770.8
37,Indre-et-Loire,6,152938.9
37,Indre-et-Loire,4,171046.4
37,Indre-et-Loire,1,170412.0
37,Indre-et-Loire,2,165248.5
38,Isère,5,330526.3
38,Isère,3,323684.2
38,Isère,1,324882.3
38,Isère,6,321078.6
38,Isère,4,329582.9
38,Isère,0,357347.9
38,Isère,2,319690.6
39,Jura,0,84239.6
39,Jura,4,77495.5
39,Jura,6,75952.0
39,Jura,2,76157.8
39,Jura,3,76226.4
39,Jura,5,75907.4
39,Jura,1,76314.8
974,La Réunion,2,155643.5
974,La Réunion,4,159028.7
974,La Réunion,5,162565.7
974,La Réunion,0,169979.3
974,La Réunion,6,155154.6
974,La Réunion,1,157656.9
974,La Réunion,3,157335.8
40,Landes,0,92676.2
40,Landes,6,91524.8
40,Landes,2,84964.1
40,Landes,5,92964.3
40,Landes,3,87215.1
40,Landes,4,88360.0
40,Landes,1,85000.6
41,Loir-et-Cher,1,96848.7
41,Loir-et-Cher,3,97321.2
41,Loir-et-Cher,2,95007.5
41,Loir-et-Cher,6,95369.5
41,Loir-et-Cher,0,106356.8
41,Loir-et-Cher,5,94617.7
41,Loir-et-Cher,4,96166.9
42,Loire,1,314224.2
42,Loire,5,300572.8
42,Loire,6,289208.0
42,Loire,4,318522.9
42,Loire,2,306844.5
42,Loire,3,314188.8
42,Loire,0,348634.2
44,Loire-Atlantique,6,245999.0
44,Loire-Atlantique,2,251173.4
44,Loire-Atlantique,5,258043.5
44,Loire-Atlantique,1,256370.7
44,Loire-Atlantique,3,256963.8
44,Loire-Atlantique,4,264459.6
44,Loire-Atlantique,0,279664.9
45,Loiret,5,220362.0
45,Loiret,2,235805.9
45,Loiret,6,206850.2
45,Loiret,3,242561.7
45,Loiret,0,266920.2
45,Loiret,4,240852.9
45,Loiret,1,240952.4
46,Lot,4,58755.1
46,Lot,6,58474.8
46,Lot,1,57457.5
46,Lot,5,59572.0
46,Lot,0,63483.5
46,Lot,3,57346.0
46,Lot,2,56448.7
47,Lot-et-Garonne,6,105567.3
47,Lot-et-Garonne,2,109321.6
47,Lot-et-Garonne,3,110905.5
47,Lot-et-Garonne,5,108941.7
47,Lot-et-Garonne,1,111504.2
47,Lot-et-Garonne,4,112843.4
47,Lot-et-Garonne,0,122313.2
49,Maine-et-Loire,1,204098.8
49,Maine-et-Loire,5,207535.2
49,Maine-et-Loire,3,206165.3
49,Maine-et-Loire,0,227488.4
49,Maine-et-Loire,4,208727.3
49,Maine-et-Loire,6,206355.6
49,Maine-et-Loire,2,202265.3
50,Manche,3,157191.7
50,Manche,0,174655.7
50,Manche,6,147505.6
50,Manche,1,157827.3
50,Manche,4,158771.7
50,Manche,2,155152.9
50,Manche,5,153778.6
51,Marne,2,162819.6
51,Marne,3,165439.4
51,Marne,5,169601.5
51,Marne,1,164789.3
51,Marne,0,178447.0
51,Marne,6,165414.9
51,Marne,4,166233.3
53,Mayenne,1,83949.5
53,Mayenne,0,92845.3
53,Mayenne,4,83450.7
53,Mayenne,2,81132.0
53,Mayenne,5,76051.9
53,Mayenne,3,83231.1
53,Mayenne,6,77639.6
54,Meurthe-et-Moselle,6,187999.6
54,Meurthe-et-Moselle,4,186897.1
54,Meurthe-et-Moselle,5,190808.1
54,Meurthe-et-Moselle,0,199908.9
54,Meurthe-et-Moselle,3,185250.9
54,Meurthe-et-Moselle,2,183672.0
54,Meurthe-et-Moselle,1,184317.5
55,Meuse,1,43727.4
55,Meuse,6,42034.3
55,Meuse,2,42134.4
55,Meuse,4,44280.5
55,Meuse,0,47174.9
55,Meuse,3,43917.9
55,Meuse,5,41825.8
56,Morbihan,3,175420.3
56,Morbihan,1,174048.4
56,Morbihan,5,177937.6
56,Morbihan,4,178742.2
56,Morbihan,2,171090.2
56,Morbihan,0,192486.8
56,Morbihan,6,174280.1
57,Moselle,1,280889.3
57,Moselle,5,291098.3
57,Moselle,3,284554.0
57,Moselle,0,307030.5
57,Moselle,2,279120.1
57,Moselle,4,285815.4
57,Moselle,6,292820.1
58,Nièvre,1,76234.8
58,Nièvre,0,84922.3
58,Nièvre,3,77018.3
58,Nièvre,2,75303.4
58,Nièvre,5,75701.1
58,Nièvre,6,72851.9
58,Nièvre,4,77956.0
59,Nord,6,789522.7
59,Nord,1,828724.4
59,Nord,4,833876.1
59,Nord,2,813868.1
59,Nord,3,835962.7
59,Nord,5,797526.3
59,Nord,0,907102.3
60,Oise,2,256977.7
60,Oise,3,263578.6
60,Oise,5,243376.1
60,Oise,0,287956.6
60,Oise,1,262433.9
60,Oise,6,240732.8
60,Oise,4,258084.5
61,Orne,6,117883.8
61,Orne,3,135343.3
61,Orne,0,148903.1
61,Orne,4,133901.0
61,Orne,1,134471.9
61,Orne,2,131487.9
61,Orne,5,121174.6
75,Paris,6,775871.7
75,Paris,1,842683.5
75,Paris,3,844956.0
75,Paris,5,815875.9
75,Paris,2,837083.6
75,Paris,0,920242.6
75,Paris,4,856986.5
62,Pas-de-Calais,1,421539.4
62,Pas-de-Calais,6,410193.4
62,Pas-de-Calais,2,412447.4
62,Pas-de-Calais,3,424194.8
62,Pas-de-Calais,5,410379.3
62,Pas-de-Calais,4,422571.8
62,Pas-de-Calais,0,462200.1
63,Puy-de-Dôme,4,164871.7
63,Puy-de-Dôme,3,161466.4
63,Puy-de-Dôme,2,158682.3
63,Puy-de-Dôme,0,178139.3
63,Puy-de-Dôme,1,160026.7
63,Puy-de-Dôme,6,163582.8
63,Puy-de-Dôme,5,170226.7
64,Pyrénées-Atlantiques,6,222159.6
64,Pyrénées-Atlantiques,5,226160.4
64,Pyrénées-Atlantiques,2,208705.8
64,Pyrénées-Atlantiques,3,212596.0
64,Pyrénées-Atlantiques,1,211200.9
64,Pyrénées-Atlantiques,4,218629.1
64,Pyrénées-Atlantiques,0,230823.4
66,Pyrénées-Orientales,3,163949.2
66,Pyrénées-Orientales,4,167528.9
66,Pyrénées-Orientales,2,161531.8
66,Pyrénées-Orientales,6,157589.0
66,Pyrénées-Orientales,5,165625.4
66,Pyrénées-Orientales,1,163198.0
66,Pyrénées-Orientales,0,178502.5
69,Rhône,1,597161.1
69,Rhône,0,660120.9
69,Rhône,3,596837.5
69,Rhône,4,609285.0
69,Rhône,6,587097.2
69,Rhône,5,604564.2
69,Rhône,2,586655.8
72,Sarthe,6,162444.0
72,Sarthe,4,176256.1
72,Sarthe,5,167797.0
72,Sarthe,0,194841.3
72,Sarthe,3,176568.0
72,Sarthe,1,176859.5
72,Sarthe,2,171745.2
73,Savoie,3,175394.4
73,Savoie,1,175169.9
73,Savoie,6,170421.5
73,Savoie,5,175302.0
73,Savoie,0,192773.5
73,Savoie,2,172972.0
73,Savoie,4,175428.0
71,Saône-et-Loire,0,222776.0
71,Saône-et-Loire,5,192467.7
71,Saône-et-Loire,3,200032.0
71,Saône-et-Loire,1,197680.3
71,Saône-et-Loire,6,185816.2
71,Saône-et-Loire,2,193614.6
71,Saône-et-Loire,4,201074.4
76,Seine-Maritime,0,571822.7
76,Seine-Maritime,5,474590.4
76,Seine-Maritime,1,512753.1
76,Seine-Maritime,2,502841.8
76,Seine-Maritime,4,514003.0
76,Seine-Maritime,6,454072.1
76,Seine-Maritime,3,511804.3
93,Seine-Saint-Denis,2,601641.2
93,Seine-Saint-Denis,5,574530.4
93,Seine-Saint-Denis,0,674209.9
93,Seine-Saint-Denis,1,607784.5
93,Seine-Saint-Denis,6,541236.5
93,Seine-Saint-Denis,3,600719.8
93,Seine-Saint-Denis,4,601674.2
77,Seine-et-Marne,3,441778.2
77,Seine-et-Marne,1,446492.0
77,Seine-et-Marne,5,411692.9
77,Seine-et-Marne,4,437188.0
77,Seine-et-Marne,0,488871.7
77,Seine-et-Marne,6,403817.8
77,Seine-et-Marne,2,432851.3
80,Somme,2,202445.8
80,Somme,5,198061.6
80,Somme,3,207136.4
80,Somme,4,206949.1
80,Somme,0,228483.4
80,Somme,1,206688.3
80,Somme,6,192704.1
81,Tarn,2,118869.2
81,Tarn,6,122058.0
81,Tarn,0,134176.0
81,Tarn,4,123169.8
81,Tarn,3,120932.1
81,Tarn,1,121398.1
81,Tarn,5,123876.7
82,Tarn-et-Garonne,5,67556.8
82,Tarn-et-Garonne,1,64764.9
82,Tarn-et-Garonne,0,71216.6
82,Tarn-et-Garonne,4,66449.7
82,Tarn-et-Garonne,3,65563.1
82,Tarn-et-Garonne,6,66351.8
82,Tarn-et-Garonne,2,64218.8
90,Territoire de Belfort,5,85213.4
90,Territoire de Belfort,0,94830.6
90,Territoire de Belfort,2,87197.0
90,Territoire de Belfort,4,88058.7
90,Territoire de Belfort,1,87792.7
90,Territoire de Belfort,6,84273.6
90,Territoire de Belfort,3,87453.0
95,Val-d'Oise,4,485888.3
95,Val-d'Oise,0,541464.8
95,Val-d'Oise,2,484959.2
95,Val-d'Oise,3,492220.7
95,Val-d'Oise,6,463480.7
95,Val-d'Oise,5,467983.5
95,Val-d'Oise,1,490545.2
94,Val-de-Marne,5,511999.5
94,Val-de-Marne,3,525479.5
94,Val-de-Marne,6,494245.0
94,Val-de-Marne,0,574600.9
94,Val-de-Marne,1,525643.4
94,Val-de-Marne,4,523063.5
94,Val-de-Marne,2,510609.3
83,Var,1,318288.3
83,Var,0,345046.1
83,Var,5,353266.1
83,Var,4,325763.1
83,Var,6,343822.2
83,Var,2,314544.7
83,Var,3,319087.4
84,Vaucluse,1,237389.8
84,Vaucluse,0,255278.3
84,Vaucluse,2,234731.7
84,Vaucluse,6,243900.4
84,Vaucluse,3,238665.8
84,Vaucluse,5,249006.2
84,Vaucluse,4,243048.8
85,Vendée,1,178982.3
85,Vendée,3,177826.5
85,Vendée,0,196372.1
85,Vendée,4,179554.5
85,Vendée,2,176010.5
85,Vendée,5,166236.2
85,Vendée,6,159142.4
86,Vienne,2,111921.9
86,Vienne,3,115590.4
86,Vienne,4,117492.4
86,Vienne,6,106747.4
86,Vienne,0,127131.9
86,Vienne,1,115189.9
86,Vienne,5,110325.0
88,Vosges,3,110235.2
88,Vosges,4,109944.1
88,Vosges,0,117919.1
88,Vosges,6,113111.1
88,Vosges,1,108599.5
88,Vosges,5,113684.4
88,Vosges,2,107853.0
89,Yonne,0,166057.0
89,Yonne,4,148521.2
89,Yonne,1,149434.8
89,Yonne,5,143696.7
89,Yonne,2,147001.8
89,Yonne,3,148730.9
89,Yonne,6,139760.7
78,Yvelines,0,463305.5
78,Yvelines,3,419238.9
78,Yvelines,4,418194.9
78,Yvelines,2,407654.1
78,Yvelines,6,403730.7
78,Yvelines,1,418720.4
78,Yvelines,5,409368.4