mois,groupe_annees,passages_moyens_par_jour,ratio_vs_moyenne_annuelle
1,2017-2019,58534.0,0.998
2,2017-2019,58261.0,0.994
3,2017-2019,58588.0,0.999
4,2017-2019,58466.0,0.997
5,2017-2019,59357.0,1.012
6,2017-2019,61186.0,1.043
7,2017-2019,59999.0,1.023
8,2017-2019,56250.0,0.959
9,2017-2019,57830.0,0.986
10,2017-2019,58409.0,0.996
11,2017-2019,57349.0,0.978
12,2017-2019,59436.0,1.014
1,2022-2023,53442.0,0.928
2,2022-2023,55053.0,0.956
3,2022-2023,59245.0,1.029
4,2022-2023,57634.0,1.001
5,2022-2023,58505.0,1.016
6,2022-2023,60498.0,1.051
7,2022-2023,56865.0,0.987
8,2022-2023,53747.0,0.933
9,2022-2023,56937.0,0.989
10,2022-2023,60064.0,1.043
11,2022-2023,58240.0,1.011
12,2022-2023,60829.0,1.056