mois,passages_mois,periode,groupe_annees
2017-01-01,1724246.8,comparable,2017-2019
2017-02-01,1530276.9,comparable,2017-2019
2017-03-01,1753646.9,comparable,2017-2019
2017-04-01,1672307.1,comparable,2017-2019
2017-05-01,1807153.5,comparable,2017-2019
2017-06-01,1820819.7,comparable,2017-2019
2017-07-01,1791913.9,comparable,2017-2019
2017-08-01,1693905.7,comparable,2017-2019
2017-09-01,1672351.8,comparable,2017-2019
2017-10-01,1786286.5,comparable,2017-2019
2017-11-01,1669021.1,comparable,2017-2019
2017-12-01,1835350.7,comparable,2017-2019
2018-01-01,1835181.0,comparable,2017-2019
2018-02-01,1616436.5,comparable,2017-2019
2018-03-01,1830872.0,comparable,2017-2019
2018-04-01,1780735.5,comparable,2017-2019
2018-05-01,1881044.1,comparable,2017-2019
2018-06-01,1850183.3,comparable,2017-2019
2018-07-01,1899843.0,comparable,2017-2019
2018-08-01,1783580.8,comparable,2017-2019
2018-09-01,1762739.0,comparable,2017-2019
2018-10-01,1821294.3,comparable,2017-2019
2018-11-01,1723173.1,comparable,2017-2019
2018-12-01,1843821.2,comparable,2017-2019
2019-01-01,1884223.6,comparable,2017-2019
2019-02-01,1747208.1,comparable,2017-2019
2019-03-01,1864127.1,comparable,2017-2019
2019-04-01,1808865.3,comparable,2017-2019
2019-05-01,1832007.9,comparable,2017-2019
2019-06-01,1835724.2,comparable,2017-2019
2019-07-01,1888135.3,comparable,2017-2019
2019-08-01,1753799.9,comparable,2017-2019
2019-09-01,1769578.0,comparable,2017-2019
2019-10-01,1824415.9,comparable,2017-2019
2019-11-01,1769200.4,comparable,2017-2019
2019-12-01,1848409.2,comparable,2017-2019
2020-01-01,1902420.0,atypique_covid,covid
2020-02-01,1795636.4,atypique_covid,covid
2020-03-01,1334093.3,atypique_covid,covid
2020-04-01,963935.9,atypique_covid,covid
2020-05-01,1268892.2,atypique_covid,covid
2020-06-01,1484729.9,atypique_covid,covid
2020-07-01,1691133.4,atypique_covid,covid
2020-08-01,1725367.5,atypique_covid,covid
2020-09-01,1684523.8,atypique_covid,covid
2020-10-01,1515842.3,atypique_covid,covid
2020-11-01,1259146.0,atypique_covid,covid
2020-12-01,1356662.4,atypique_covid,covid
2021-01-01,1414476.5,atypique_covid,covid
2021-02-01,1335902.8,atypique_covid,covid
2021-03-01,1578963.3,atypique_covid,covid
2021-04-01,1490317.7,atypique_covid,covid
2021-05-01,1641726.6,atypique_covid,covid
2021-06-01,1814573.0,atypique_covid,covid
2021-07-01,1866354.5,atypique_covid,covid
2021-08-01,1747555.4,atypique_covid,covid
2021-09-01,1795626.8,atypique_covid,covid
2021-10-01,1924713.9,atypique_covid,covid
2021-11-01,1771733.6,atypique_covid,covid
2021-12-01,1818903.3,atypique_covid,covid
2022-01-01,1681471.9,comparable,2022-2023
2022-02-01,1544251.7,comparable,2022-2023
2022-03-01,1927049.1,comparable,2022-2023
2022-04-01,1812241.1,comparable,2022-2023
2022-05-01,1852219.2,comparable,2022-2023
2022-06-01,1845476.6,comparable,2022-2023
2022-07-01,1810114.1,comparable,2022-2023
2022-08-01,1666904.1,comparable,2022-2023
2022-09-01,1677677.9,comparable,2022-2023
2022-10-01,1907530.5,comparable,2022-2023
2022-11-01,1775820.5,comparable,2022-2023
2022-12-01,1910164.9,comparable,2022-2023
2023-01-01,1631935.5,comparable,2022-2023
2023-02-01,1538732.1,comparable,2022-2023
2023-03-01,1746129.3,comparable,2022-2023
2023-04-01,1645788.6,comparable,2022-2023
2023-05-01,1775116.6,comparable,2022-2023
2023-06-01,1784418.4,comparable,2022-2023
2023-07-01,1715529.1,comparable,2022-2023
2023-08-01,1665416.3,comparable,2022-2023
2023-09-01,1738559.4,comparable,2022-2023
2023-10-01,1816452.9,comparable,2022-2023
2023-11-01,1718591.3,comparable,2022-2023
2023-12-01,1861215.6,comparable,2022-2023