dep,libelle_dep,part_ete_2017_2019,part_ete_2022_2023,evolution_part_ete
2A,Corse-du-Sud,0.233,0.2299,-0.0031
2B,Haute-Corse,0.2429,0.2216,-0.0213
05,Hautes-Alpes,0.2088,0.2147,0.0059
66,Pyrénées-Orientales,0.209,0.1956,-0.0134
17,Charente-Maritime,0.2043,0.1954,-0.0089
46,Lot,0.1984,0.1946,-0.0038
83,Var,0.2085,0.1922,-0.0163
40,Landes,0.1972,0.19,-0.0072
64,Pyrénées-Atlantiques,0.193,0.1861,-0.007
85,Vendée,0.2036,0.1859,-0.0177
12,Aveyron,0.1869,0.1857,-0.0012
15,Cantal,0.1897,0.1851,-0.0046
34,Hérault,0.1907,0.1834,-0.0073
07,Ardèche,0.186,0.1832,-0.0028
11,Aude,0.1897,0.1824,-0.0073
23,Creuse,0.18,0.1808,0.0007
22,Côtes-d'Armor,0.1822,0.1791,-0.0031
06,Alpes-Maritimes,0.1844,0.1786,-0.0058
09,Ariège,0.1856,0.1785,-0.0071
24,Dordogne,0.189,0.1785,-0.0105